id,capacity,r_plus,r_minus,r_up_eu,r_down_eu,r_up_us,r_down_us
1,152.0,40.0,40.0,40.0,40.0,40.0,40.0
4,591.0,180.0,180.0,180.0,91.79750000000001,180.0,91.79750000000001
5,60.0,60.0,60.0,37.696249999999964,0.0,37.696249999999964,0.0
6,155.0,30.0,30.0,30.0,30.0,30.0,30.0
7,155.0,30.0,30.0,30.0,30.0,30.0,30.0
11,310.0,60.0,60.0,60.0,60.0,60.0,60.0
